experience_group,total_exposure,claims,frequency
<0 years,365.120435658,47,0.129
0-10 years,24883.557830503,3320,0.133
10-20 years,16001.789918828,1833,0.115
20-30 years,22682.314089909,2097,0.092
30-40 years,4802.988709328,399,0.083
40-50 years,2946.164703858,218,0.074
50-60 years,227.60086076300001,15,0.066
60+ years,47.429224036,5,0.105
