Policy Start Year,Exposure,Claim Count,Frequency
2018,34379.42,4065,0.118239
2019,35402.26,3700,0.104513
2020,2177.80,169,0.077601