region,total_exposure,claims,frequency
London,1965.129621481,263,0.134
East Anglia,3458.052480101,453,0.131
Outer London,3503.315498261,445,0.127
South East,11184.643264694,1378,0.123
East Midlands,4429.456117926,526,0.119
South West,7854.695737563,902,0.115
West Midlands,5748.343163296,629,0.109
North West,9924.150651933,1033,0.104
Yorkshire,8271.1016758,860,0.104
Wales,4614.313907448,458,0.099
Scotland,3689.795596754,360,0.098
North,5607.805921283,508,0.091
N Ireland,1580.801825269,115,0.073
