overnight_location,total_exposure,claims,frequency
Driveway,47037.240261147,5097,0.108
Garage,4489.268472014,418,0.093
Road/Street,20432.965580848,2419,0.118
